MODELO,COEF_ANGULAR,MEAN,STD,NOTA_GERAL
NBEATS,-0.06458162700672296,-0.07523671013378255,1.2091555648991763,2.0
NHITS,-0.1796607811374461,-0.316414096965922,1.0014020563538402,1.75
TCN,-0.38137643245096964,-1.5853624439298688,0.4885186755801518,1.5
TFT,-0.7441356686664881,-3.360985343979024,0.472056692684703,0.75
TRANSFORMER,-0.5023687029838094,-2.0991256100203914,0.3229608211540751,1.5
