MODELO,COEF_ANGULAR,MEAN,STD,NOTA_GERAL
NBEATS,-0.03707413098732394,-0.39781897946377065,1.5719376310111444,2.0
TRANSFORMER,-0.6136325060969895,-2.117084503075965,1.2888618906221112,1.5
NHITS,-0.6052764923291742,-2.619879887091535,1.097055824835295,1.75
TCN,-1.0686625654464994,-4.404958103416187,0.5000912696329997,0.75
TFT,-0.878753944933099,-3.890341359807551,0.1992629757209037,1.5
