MODELO,COEF_ANGULAR,MEAN,STD,NOTA_GERAL
NBEATS,-0.31241559503768185,-1.2215343364186235,0.9292013750048727,0.25
TRANSFORMER,-0.18652103085757415,-0.522800258831425,0.6696584628752781,1.5
NHITS,-0.056733227009913664,-0.08628577352634002,0.5519262992726703,2.5
TFT,-0.10528741547357917,-0.5238217233416348,0.3235189620880133,2.0
TCN,-0.30764225250373406,-1.2600718820189964,0.14419019552570625,1.25
