MODELO,COEF_ANGULAR,MEAN,STD,NOTA_GERAL
NBEATS,-0.47657070556184306,-1.1038929606481946,2.2254846841845497,0.5
TRANSFORMER,-0.28797410164465864,-1.3640593733248638,0.6714061815791316,1.0
NHITS,-0.4271030753902765,-1.6222764819610849,0.47137931483541495,0.75
TFT,-0.1483496984524735,-0.7175430515586019,0.14598651617428635,2.25
TCN,0.009418492935635788,0.08162693877551017,0.07635500960728296,3.0
