MODELO,COEF_ANGULAR,MEAN,STD,NOTA_GERAL
NBEATS,-0.6682620898938018,-3.001735946435898,1.0641320736833264,0.5
NHITS,-0.21030135412362638,-0.734423938035542,0.7791028881352896,2.25
TRANSFORMER,-0.5292244389688477,-2.183496280688622,0.7049658972292074,2.0
TFT,-0.7585394407370762,-3.6129416553404643,0.55045161256796,0.75
TCN,-0.5870060735886724,-2.561401421208632,0.20806111172555028,2.0
