MODELO,COEF_ANGULAR,MEAN,STD,NOTA_GERAL
TRANSFORMER,-0.27180151993042406,-1.1616558911359953,0.866145670008003,0.0
NHITS,-0.15724378534314756,-0.36902211205221613,0.677120191578411,1.0
TFT,0.004277819261887649,-0.3708614296118264,0.6447836347988847,1.75
NBEATS,0.039655386062680695,-0.06677454828505637,0.42460644469672293,2.25
TCN,0.032788802941242215,0.09704280845877644,0.17427515532641602,2.5
