MODELO,COEF_ANGULAR,MEAN,STD,NOTA_GERAL
TCN,-0.2338190345729856,-1.3715299136279726,1.314334040823647,0.75
NBEATS,-0.13735362265930742,-0.9551018255325204,0.8823539150582796,2.25
NHITS,-0.26662601010752407,-1.3057467795680122,0.8204260824961763,1.5
TFT,-0.20563141767922308,-1.3318242685141795,0.730159499201315,2.0
TRANSFORMER,-0.4000309945580948,-1.4399007379438207,0.7201988667616436,1.0
