MODELO,COEF_ANGULAR,MEAN,STD,NOTA_GERAL
NBEATS,-0.21570573703416857,-1.2313378903434538,1.1496809786143425,0.0
TRANSFORMER,-0.09849915263122333,-0.7072600589209195,0.9281196870220225,0.75
TFT,-0.02717733708144903,-0.25281632476258936,0.39211030124415763,1.5
NHITS,-0.010099811303197311,-0.007342453467887876,0.12224083489227648,2.5
TCN,0.004709246467817894,0.061220204081632625,0.07635500960728296,2.75
