MODELO,MSE,MAPE,SMAPE,RMSE,R2_SCORE,COEF_OF_VARIATION,NOTA_GERAL
NBEATS,56656.48416029637,60.155346269045296,92.31818307465612,238.0262257825729,-26.73232624998755,28.042101327448005,1.25
NHITS,32202.225550929343,83.81767270493229,61.98292471735524,153.00611455068125,-15.566001994105456,18.025799274188454,2.75
TCN,93946.98907211598,46.40246199944088,50.86244035350821,183.96724924637059,-10.459198792225347,21.67336068677988,3.0
TFT,23410.871089896187,44.17561878273971,144.74241949701292,179.44978559733457,-44.985355246906074,21.141153897495037,2.5
TRANSFORMER,33843.948795276236,40.116730440977136,60.33403701108624,306.5077308521206,-14.762408101911175,36.10997409189949,3.0
