MODELO,MSE,MAPE,SMAPE,RMSE,R2_SCORE,COEF_OF_VARIATION,NOTA_GERAL
NBEATS,4335.148386860767,368.8475954919831,103.52470252048793,14.029789094970344,-232.35207439733162,6.721379971089337,1.5
NHITS,3322.5401884046455,82.53759132391701,138.96115640102047,65.84184373831557,-52.998751163908636,7.677596960373306,2.25
TCN,571.4855032071586,97.51730195769464,191.53948736370242,57.64147975550806,-1.4517830227564428,15.960235117072193,2.5
TFT,196.83498204934875,649.3400855195426,101.50683362320399,23.905762970613562,-6.118442260245427,2.7875709837053066,3.25
TRANSFORMER,18734.060456760035,291.80812805358806,47.51294401838154,136.8724240187191,-40.38567007522155,1.6359667347459146,3.0
