MODELO,MSE,MAPE,SMAPE,RMSE,R2_SCORE,COEF_OF_VARIATION,NOTA_GERAL
NBEATS,42848.58555294173,71.87414897144835,118.7747838635784,15.313716847113554,-5.181340726097705,1.7761837026302727,3.25
NHITS,143.85993336572784,189.16348727096027,144.14435204367155,73.08724310227949,-1128.4264344342193,1.3911603642190522,3.0
TCN,234.5099236735695,99.9999155875395,199.99966235048146,11.994162470373988,-26.641803972729672,8.477130102670955,2.25
TFT,5341.745104291701,1714.3078954420612,109.95162800713625,32.38340135002904,-139.80063668244995,24.00907970345237,1.5
TRANSFORMER,1048.6846829970625,629.3928984604461,165.99293397448275,206.99899891772841,-2.7919387420256045,3.756035865616671,2.5
