MODELO,MSE,MAPE,SMAPE,RMSE,R2_SCORE,COEF_OF_VARIATION,NOTA_GERAL
NBEATS,2774.381903654922,161.40107259745977,124.99646294643252,52.672401726662535,-5.297536368581634,18.28743618523189,2.0
NHITS,1592.036052873312,211.63023122106225,196.5655769093948,39.900326475773504,-13.722347110128908,6.200136133434504,2.25
TCN,2869.725160891957,449.2091736011262,92.2147147552519,155.35839287542547,-2.493681234598306,9.641429739923707,2.25
TFT,24136.230236835047,108.06416218333688,74.1060037262303,81.90743711934299,-5.088308098874219,6.305771893558208,3.0
TRANSFORMER,6708.828255459125,99.0864925183079,81.72069688819902,53.56981576309514,-51.96632227655025,4.696718733314381,3.0
