MODELO,MSE,MAPE,SMAPE,RMSE,R2_SCORE,COEF_OF_VARIATION,NOTA_GERAL
NBEATS,3375.263607985241,41.66493543825978,17.671323561003497,32.05295206163233,-12.515349655989619,3.7125078545787344,3.5
NHITS,1174.3890238681186,39.31858112031838,24.36727533964591,71.1321511235494,-14.449100606562551,7.803977442397956,2.5
TCN,4539.764416571129,29.1992935901407,34.36285090052485,58.097018925115606,-65.56150035742549,3.9692215348555515,1.75
TFT,5059.782923463471,17.081671427079947,19.201642793386593,67.37777390631965,-43.40163011885321,8.238825218079155,2.25
TRANSFORMER,1027.3917358653002,17.580552073652367,49.19808974182617,34.26935984036058,-58.72065114393997,6.729041327375231,2.5
