MODELO,MSE,MAPE,SMAPE,RMSE,R2_SCORE,COEF_OF_VARIATION,NOTA_GERAL
NBEATS,6526.059362649698,197.94906440179105,104.14797700465182,29.912810365223027,-34.30927805032297,3.4629010787395154,2.75
NHITS,648.9619353871856,234.32451979045976,123.96998381126507,80.78402913107082,-256.52857356061276,9.352083545722161,1.75
TCN,894.7762239457941,97.91275346945787,192.71532499381732,25.474731311383554,-294.61889014950833,2.9491202418529987,2.5
TFT,2427.8656961452994,139.39994272818947,65.1288210312267,86.55235516262323,-24.60905934627296,10.019862406795255,3.0
TRANSFORMER,7491.310184196873,79.79148039642332,106.16854220191256,49.273377153847484,-94.8074014930784,5.704205951092194,2.5
