MODELO,MSE,MAPE,SMAPE,RMSE,R2_SCORE,COEF_OF_VARIATION,NOTA_GERAL
NBEATS,9764.621013474885,44.99504388893074,61.41957504683235,98.8160969350383,-9.609424618249863,11.528392946778208,1.25
NHITS,2456.8055985497913,21.128987261822346,153.26823430292933,49.566173934950754,-1.1226491408220078,5.329238888828253,3.0
TCN,31361.445890977982,22.744574222984188,22.06288189416399,177.0916313408908,-1.6693605172734216,5.15658240557167,2.75
TFT,1953.627567045583,18.65956122429468,21.2416479355738,45.67979154246293,-33.07473732370151,5.782644201846169,3.5
TRANSFORMER,2086.643355362868,86.13578745208052,26.080222777932583,44.1998593554955,-1.2671730273345387,20.66041846427013,2.0
