MODELO,MSE,MAPE,SMAPE,RMSE,R2_SCORE,COEF_OF_VARIATION,NOTA_GERAL
NBEATS,1503.0987332193297,26.80961682273451,40.914167723570216,35.16149697222682,-2.756284617125103,4.49837220322631,2.25
NHITS,1236.3308693279157,27.794179165764515,34.303088223194976,38.76981729669782,-1.0127417936181646,7.5005268932440154,2.75
TCN,2164.6869057734625,30.670773580602713,32.66079268636885,34.05746598083088,-6.2514303811727725,4.079707144174835,1.75
TFT,1159.9109890354523,54.26751514325833,23.790151865484706,46.52619590911622,-1.6082601758957864,3.951608982525285,3.25
TRANSFORMER,4178.883656123596,28.33708229972537,22.16437215575647,64.64428556433737,-1.1453498026653457,5.398326868495619,2.5
