MODELO,COEF_ANGULAR,MEAN,STD,NOTA_GERAL
NBEATS,-50.50900983994599,-186.53230559569732,96.9363980957496,0.0
TRANSFORMER,-2.7747336389458486,-19.023224453451622,28.306687374584122,1.25
TFT,-17.726496611999217,-71.77471799070925,14.893761174403473,1.0
NHITS,0.7631609242226818,3.1928243051582688,12.487731607827667,2.75
TCN,2.3453666091051804,14.020398163265307,6.652925586030225,2.5
