MODELO,COEF_ANGULAR,MEAN,STD,NOTA_GERAL
NBEATS,22.869219272577634,89.47934537894002,45.288840325586364,0.5
TCN,45.06957719213487,172.50921999725674,43.23213378266297,0.25
TFT,10.184155109652055,25.71764408815099,38.82785178881569,2.25
TRANSFORMER,9.556365237393258,33.89765491648395,33.07352018781006,2.5
NHITS,11.479261832505122,46.224840848232084,19.32393942642925,2.0
