MODELO,COEF_ANGULAR,MEAN,STD,NOTA_GERAL
TRANSFORMER,-24.91418259204752,-117.29491715286056,76.19245376899788,0.0
NBEATS,-15.526910826216387,-39.20326950666397,57.136917907689735,1.0
NHITS,-12.009193132211937,-50.64355517775872,29.73324052171708,1.25
TCN,3.768655035300434,22.194784064533174,9.59287448014862,2.25
TFT,-3.519960265822368,-11.64738131751653,8.448021794637388,3.0
