MODELO,COEF_ANGULAR,MEAN,STD,NOTA_GERAL
TRANSFORMER,-12.304591676660658,-60.05651638676487,67.31972861623576,0.0
NBEATS,-5.948610351217519,-55.5558491626661,63.34725580119674,1.25
TFT,-10.38276072637624,-34.013947718216215,38.50631852344555,1.25
NHITS,1.9018977237134598,13.26303050143044,23.49247291203851,2.75
TCN,6.240186075353218,29.552198170759883,5.001777193383575,2.25
