MODELO,COEF_ANGULAR,MEAN,STD,NOTA_GERAL
NBEATS,59.18505162619107,222.53488156642734,91.23502116839754,0.5
TRANSFORMER,45.66713485064098,166.1309899690172,85.35328617998431,1.75
NHITS,45.927730476391474,170.84757897921114,59.29209075290024,1.5
TCN,72.95039670267721,302.2166919813121,55.20329265530093,0.75
TFT,33.4124736158242,146.44894996523877,47.86270818327881,3.0
