MODELO,COEF_ANGULAR,MEAN,STD,NOTA_GERAL
TRANSFORMER,-15.98131121258371,-66.19990920029866,52.0973478872635,0.5
NHITS,-3.9450433371613722,-4.261599205399719,42.85075607190017,2.25
TFT,-38.49750771529305,-153.5411280806068,25.591227572445614,0.5
NBEATS,7.774113184036669,48.051389891943394,23.302792507020627,2.25
TCN,-14.545017739812135,-49.586374519850814,21.89526722103555,2.0
