MODELO,COEF_ANGULAR,MEAN,STD,NOTA_GERAL
NBEATS,-14.687831833908769,-38.393198174624025,47.096676445663356,0.5
NHITS,-2.955874878448591,5.68850206805802,36.5016204586151,2.0
TRANSFORMER,2.3532815379801573,20.700049175160355,26.433242644060602,2.25
TFT,-14.647758621652311,-70.09082633759775,13.098428070022338,1.0
TCN,14.430680675880165,66.39748921018214,12.369080416399296,1.75
