MODELO,COEF_ANGULAR,MEAN,STD,NOTA_GERAL
NBEATS,-1.3161778343169925,8.38305587532884,40.88553483379567,2.0
TCN,5.814759658886842,35.30441937466751,32.73121381988313,1.25
NHITS,-7.760917867890566,-25.670287343737098,25.95371045767575,1.75
TRANSFORMER,-17.02762439267813,-60.62855985318925,24.22612124602598,0.75
TFT,-7.842455887886404,-28.192555787068848,20.638295757318247,1.75
