MODELO,MSE,MAPE,SMAPE,RMSE,R2_SCORE,COEF_OF_VARIATION,NOTA_GERAL
NBEATS,0.15899366847980864,79.91976951321436,130.5247104824403,0.7027744013187875,-97.81952948472505,3.6816444053456197,3.25
NHITS,0.5291702510490646,203.87854094239663,145.1032441870861,0.3987401014192185,-6.093014914803443,7.394739909108622,2.0
TCN,0.035450303614178,592.0753697182425,102.8499805903084,1.411552377243803,-104.87814773073359,2.0888912015323937,3.0
TFT,0.4938918591489803,363.25604338535993,165.44731675513782,0.7274408917905733,-30.811983168335022,0.9863609839494404,2.5
TRANSFORMER,1.9924801137026313,177.45494399313725,128.3232109854545,0.1882825101122725,-397.66206275000116,3.810865456190024,1.75
