MODELO,MSE,MAPE,SMAPE,RMSE,R2_SCORE,COEF_OF_VARIATION,NOTA_GERAL
NBEATS,2.6491355881277237,191803.878856817,85.7022865542269,1.1129083171865441,-529.1220934200364,0.5878299489837419,2.5
NHITS,0.012862044521637353,42.854142857142854,115.33014798878068,0.09351540642157533,-246.85089614712712,8.436237508563494,2.75
TCN,0.008745131238192412,2570961.639955475,125.31683708397065,0.44238244419376477,-38.16223642628554,2.2929500200967845,2.75
TFT,0.1957022269308494,636488.7763877888,151.41508417639798,1.6276165359591686,-1.5738410665084328,0.4847076457215622,3.0
TRANSFORMER,1.2385649224629856,5937149.938447682,154.65887000948632,0.1134109541518691,-0.75,5.768409623282995,1.5
