MODELO,MSE,MAPE,SMAPE,RMSE,R2_SCORE,COEF_OF_VARIATION,NOTA_GERAL
NBEATS,1.5795467240658447,157.50564656256037,71.02999237557268,1.5867899938477164,-26.481823800594857,8.297536901284689,4.0
NHITS,2.2819166153579684,180.56907082747782,76.79940537256806,1.8335174607856648,-38.70204198169912,7.810034365784812,2.75
TCN,3.3617862790059116,173.16429772893892,81.42794343408293,1.256800192578695,-42.80785409757345,6.571976137923787,2.0
TFT,2.2307269344381133,198.8362588651074,89.58234026750115,1.5106014084986048,-37.811415721637,9.587707793094964,1.5
TRANSFORMER,2.5179024845752354,152.68359237452637,80.62315129656564,1.4935618281270158,-57.49020910067527,7.899136608339813,2.25
