MODELO,MSE,MAPE,SMAPE,RMSE,R2_SCORE,COEF_OF_VARIATION,NOTA_GERAL
NBEATS,1.258852431231737,111.9561183765646,104.87665862179931,0.9796254120930623,-64.81860555126875,5.94457682214716,2.25
NHITS,0.9596659480185021,142.0403298808693,72.64178270868798,3.389281055321807,-13.049743543856266,11.23398177123815,3.0
TCN,2.717931646958074,230.46094012634595,56.257624226587,2.120314007692104,-17.42990663041101,8.734796624422858,2.75
TFT,11.487226071963303,60.10157312750398,81.81552464861944,1.1219859318332548,-38.79118222162406,17.957303236670864,1.75
TRANSFORMER,4.49573149121535,61.89772818457294,68.53540804965401,1.648615069371281,-167.17579145599962,5.190313313108669,2.75
