MODELO,MSE,MAPE,SMAPE,RMSE,R2_SCORE,COEF_OF_VARIATION,NOTA_GERAL
NBEATS,2.232216302459069,246.10582718272377,149.5086300299575,1.2671234526561512,-445.62927851701846,2.7453466666720012,2.75
NHITS,0.2685503545663176,415.92592873462706,108.71233373035535,0.8109866579704288,-71.85067031483874,6.712793021248875,3.5
TCN,1.6056018442712454,684.1301993601744,161.81678832638872,1.4940603409698918,-52.73245010947735,4.296334004818655,2.25
TFT,0.36410164255646205,713.6051719020641,185.53228024531134,0.5182184429044547,-130.59468016115946,3.19665410982304,2.0
TRANSFORMER,0.6576993594060452,274.55452491774423,151.22906526509195,0.6034083547287542,-320.2541690079382,7.915028175955461,2.0
