MODELO,MSE,MAPE,SMAPE,RMSE,R2_SCORE,COEF_OF_VARIATION,NOTA_GERAL
NBEATS,5.463821451031498,8690488.380354676,171.41226364307124,2.33748186111283,-563.7616113500399,12.139066353262015,0.75
NHITS,2.822236805456638,11855256.13309419,179.03558911210274,1.6799514294933167,-1092.3726754775937,8.724363689037576,0.5
TCN,0.011660174984256548,6214135.886142724,169.32078988344978,0.10798229014174754,-448.65944344464623,3.791890978020281,3.5
TFT,0.5331355133297778,57.138857142857134,170.01597596891446,0.7301612926811294,-1.3333333333333326,7.784720716775146,3.75
TRANSFORMER,2.2470461973805658,2630616.5254392717,114.26971540563586,1.4990150757682745,-105.68646620790523,0.5607761954498401,4.0
