MODELO,MSE,MAPE,SMAPE,RMSE,R2_SCORE,COEF_OF_VARIATION,NOTA_GERAL
NBEATS,2.276249582526392,377.85162714552945,154.99537275578314,1.508724488608305,-544.3873794239779,23.004731937391032,2.75
NHITS,7.895369036619654,628.3786749899735,158.11484012050846,2.8098699323313268,-1399.7793579005756,7.83609210140459,2.0
TCN,19.618019845391775,425.8648865984779,151.10360142842788,3.8947130037629907,-209.20289414022562,12.622132305783811,2.75
TFT,15.168789381680536,173.9841709059777,122.44593526779961,2.4302062637544295,-1810.648678799448,14.594049310504813,2.75
TRANSFORMER,5.905902484391264,720.7561720967008,127.80168751800798,4.429223390775382,-728.106963727838,20.228563953500156,2.25
