MODELO,MSE,MAPE,SMAPE,RMSE,R2_SCORE,COEF_OF_VARIATION,NOTA_GERAL
NBEATS,9.981027609475339,507.3976021531067,140.5147748337443,3.1592764376476046,-3993.074548391718,16.376228868278126,1.25
NHITS,1.059665358160276,377.2167475294231,136.76801860833234,3.648706496846952,-423.0427541571374,11.813049785806928,4.0
TCN,6.597882463037431,609.8031343856525,85.22244562172592,2.2789550723335723,-2639.252632292147,18.91320808571926,2.0
TFT,13.313059100133156,151.59059852711266,126.55015248813517,2.5686343575988837,-5326.442483236622,5.335936335213971,2.75
TRANSFORMER,5.193636221714917,433.9463125898381,150.30933114259696,1.0294004848261322,-2077.320094722921,13.314613313890037,2.5
